Image Number,Single Core,Multiple Core,Multiple Threads (100),Multiple Threads (500)
1,0.16798,0.10107,0.09719,0.22452
2,0.32265,0.19383,0.12229,0.25815
3,0.46663,0.31848,0.13236,0.26322
4,0.58964,0.47482,0.13739,0.3353
5,0.76592,0.65649,0.13739,0.33796
6,0.83423,0.76382,0.15749,0.37927
7,0.93199,0.95013,0.16249,0.3984
8,0.93985,0.95368,0.16249,0.41842
9,0.96273,0.98859,0.16249,0.48041
10,0.96521,0.99061,0.17253,0.48948
11,0.98616,1.01883,0.2034,0.50786
12,1.00705,1.04098,0.20761,0.51796
13,1.02767,1.08378,0.20861,0.6618
14,1.03655,1.11404,0.22734,0.66821
15,1.07221,1.13865,0.22734,0.72231
16,1.09448,1.16884,0.23542,0.7233
17,1.11301,1.19401,0.2486,0.7233
18,1.16272,1.22423,0.26073,0.73034
19,1.20968,1.2847,0.26172,0.73236
20,1.25134,1.31508,0.27741,0.74243
21,1.29245,1.35555,0.31225,0.75046
22,1.33339,1.38882,0.34214,0.77056
23,1.37652,1.41898,0.34724,0.77258
24,1.458,1.52874,0.34724,0.77258
25,1.53636,1.65397,0.35225,0.89388
26,1.61803,1.78073,0.35225,0.89388
27,1.62203,1.78374,0.37244,0.89388
28,1.64416,1.81908,0.37497,0.90095
29,1.64728,1.8211,0.37756,0.91281
30,1.67604,1.83925,0.38713,0.91281
31,1.70923,1.86391,0.39214,0.91281
32,1.74823,1.89183,0.3972,0.92298
33,1.78948,1.91856,0.40726,0.95426
34,1.82887,1.944,0.40726,0.95426
35,1.86686,1.97791,0.41226,0.96332
36,1.91151,2.01082,0.41735,0.99292
37,1.95019,2.03974,0.43752,1.02594
38,1.98994,2.06966,0.44253,1.02694
39,2.02617,2.09859,0.4476,1.05598
40,2.07595,2.12602,0.45211,1.05895
41,2.11704,2.15295,0.45211,1.07604
42,2.15226,0.04046,0.46778,1.08466
43,2.23734,0.12827,0.48808,1.08849
44,2.24113,0.13131,0.49816,1.08948
45,2.26851,0.15142,0.51225,1.0908
46,2.27374,0.15346,0.52233,1.09179
47,2.3233,0.17156,0.52857,1.09483
48,2.37903,0.19829,0.53968,1.10521
49,2.43303,0.22833,0.54219,1.10819
50,2.48105,0.26449,0.54219,1.10819
51,2.51728,0.29481,0.54878,1.13745
52,2.55892,0.32865,0.55991,1.13745
53,2.62083,0.35843,0.56452,1.29918
54,2.68302,0.38591,0.56452,1.55079
55,2.76578,0.41872,0.56911,1.55287
56,2.82617,0.44852,0.57211,1.55287
57,2.90675,0.48483,0.57717,1.55287
58,2.9733,0.50852,0.60236,1.56192
59,3.04594,0.53881,0.61243,1.58536
60,3.11892,0.62819,0.62957,1.83595
61,3.12291,0.63379,0.6623,1.83595
62,3.14199,0.64878,0.67244,1.83595
63,3.14498,0.65386,0.71032,1.84527
64,3.20434,0.77391,0.71283,1.84727
65,3.26518,0.94368,0.71773,1.84727
66,3.32717,1.10332,0.73043,1.86189
67,3.38957,1.2443,0.73849,1.86643
68,3.43816,1.37826,0.74251,1.86643
69,3.52147,1.55343,0.75171,1.86643
70,3.64221,1.66922,0.75271,1.87848
71,3.64522,1.66922,0.75271,1.87848
72,3.67227,1.69953,0.75271,1.88652
73,3.68175,1.70357,0.75753,1.88652
74,3.72503,1.72041,0.7606,1.88652
75,3.77151,1.74334,0.76764,1.88652
76,3.81297,1.7685,0.77271,1.89348
77,3.86282,1.79331,0.77884,1.89448
78,3.91095,1.81347,0.79097,1.89547
79,3.95819,1.84929,0.79247,1.89647
80,4.01804,1.87727,0.79247,1.89647
81,4.06787,1.90371,0.79247,1.89871
82,4.12579,1.93861,0.80107,1.9055
83,4.19402,0.03834,0.82275,1.90756
84,4.25595,0.07619,0.83285,1.90756
85,4.30982,0.10097,0.86972,1.90756
86,4.36684,0.12913,0.87288,1.92668
87,4.5328,0.22199,0.89278,1.93136
88,4.69828,0.3615,0.90186,1.93236
89,4.75647,0.47616,0.90293,1.93236
90,4.76699,0.47616,1.02322,1.93236
91,4.78416,0.51298,1.02774,1.93487
92,4.78715,0.51298,1.09816,1.93692
93,4.81107,0.53324,1.10774,1.93692
94,4.83997,0.57362,1.13523,1.94418
95,4.89452,0.59583,1.13776,1.94817
96,4.95869,0.62143,1.14789,1.94817
97,5.02131,0.64674,1.14789,1.9552
98,5.08389,0.67694,1.17409,1.9572
99,5.14803,0.71121,1.17776,1.9582
100,5.21301,0.7456,1.21405,2.15229
101,5.2948,0.78612,1.21405,2.15328
102,5.36575,0.82114,1.21833,2.15328
103,5.44096,0.86908,1.22284,2.15328
104,5.50596,0.91129,1.22745,2.15733
105,5.57476,0.94103,1.23757,2.1583
106,5.76787,1.0463,1.24258,2.15972
107,5.77516,1.0463,1.24663,2.15972
108,5.82247,1.06897,1.24766,2.20129
109,5.82898,1.07099,1.24766,2.20129
110,5.88287,1.08909,1.25469,2.20129
111,5.94595,1.11122,1.25774,2.20129
112,6.00802,1.13635,1.26477,2.20846
113,6.08501,1.16153,1.27234,2.21145
114,6.12537,1.18619,1.27487,2.21145
115,6.1632,1.21193,1.30426,2.21145
116,6.22897,1.2412,1.32554,2.21145
117,6.28331,1.26597,1.32757,2.21145
118,6.33157,1.29636,1.34297,2.23138
119,6.37595,1.32613,1.34857,2.24164
120,6.41806,1.35596,1.35263,2.24468
121,6.46958,1.386,1.49807,2.25073
122,6.51177,1.4145,1.5017,2.25298
123,6.61431,1.51553,1.50773,2.25298
124,6.61791,0.0151,1.51291,2.274
125,6.64646,0.03026,1.54271,2.28117
126,6.6495,0.03026,1.54271,2.53559
127,6.68739,0.05499,1.63356,2.54262
128,6.731,0.0777,1.63356,2.54464
129,6.77158,0.10495,1.63863,2.55374
130,6.8276,0.13014,1.64266,2.55573
131,6.88718,0.16488,1.64872,2.56479
132,6.95234,0.19061,1.68343,2.57593
133,7.01843,0.22497,1.68681,2.585
134,7.07504,0.26132,1.68774,2.585
135,7.14419,0.29167,1.68972,2.585
136,7.20056,0.32205,1.69164,3.25048
137,7.25506,0.35533,1.69268,3.25249
138,7.30297,0.39088,1.69368,3.26259
139,7.35405,0.43024,1.69467,3.26359
140,7.39499,0.45041,1.69679,3.26359
141,7.43172,0.47513,1.69863,3.26359
142,7.46332,0.50187,1.70062,3.26359
143,7.50129,0.5251,1.70344,3.27062
144,7.53711,0.56043,1.70811,4.70773
145,7.57695,0.58469,1.71157,4.70975
146,7.60688,0.61536,1.71257,4.71982
147,7.64004,0.65024,1.71257,4.71982
148,7.6876,0.69608,1.71257,4.71982
149,7.72637,0.73044,1.73194,4.71982
150,7.7738,0.80043,1.73294,4.72786
151,7.81641,0.83022,1.73294,4.72992
152,7.85892,0.87617,1.74001,4.72992
153,7.93448,0.95011,1.74758,4.73801
154,8.01027,1.06997,1.74919,4.74003
155,8.06124,1.1283,1.75317,4.74003
156,8.13013,1.21491,1.76358,4.74003
157,8.18711,1.28172,1.77291,4.74806
158,8.26777,1.3504,1.77794,5.20567
159,8.38348,1.46198,1.77794,5.20567
160,8.47231,1.53466,1.78795,5.21457
161,8.58871,1.64032,1.79098,5.22264
162,8.71143,1.78561,1.793,5.22563
163,8.79331,1.84028,1.80296,5.23266
164,8.88925,1.92926,1.80794,5.23468
165,8.92645,0.04946,1.81096,5.23468
166,8.94674,0.06762,1.82328,5.23468
167,9.05447,0.16037,1.82328,5.24474
168,9.20552,0.28508,1.96754,5.24574
169,9.38911,0.41111,1.96854,5.24574
170,9.51565,0.50187,1.96854,5.25499
171,9.97229,0.91027,1.9736,5.26295
172,10.01108,0.94707,1.9736,5.26496
173,10.05634,0.99995,1.97773,5.28409
174,10.09961,1.05033,1.97773,5.28609
175,10.1565,1.09009,1.98781,5.28609
176,10.20776,1.1283,1.99751,5.29517
177,10.25673,1.16501,2.00119,5.29517
178,10.30695,1.20083,2.00368,5.29517
179,10.3559,1.23106,2.00779,5.3032
180,10.4052,1.26949,2.0128,5.3032
181,10.45502,1.30191,2.02927,5.30522
182,10.50306,1.35494,2.03027,5.30522
183,10.55031,1.39109,2.03779,5.31437
184,11.09502,1.84746,2.04594,5.31636
185,11.14071,1.88438,2.04846,5.31877
186,11.3389,2.08934,2.06618,5.31877
187,11.40095,2.16214,2.0727,5.31877
188,11.43634,2.18907,2.07779,5.3239
189,11.46671,2.215,2.09241,5.32542
190,11.5158,2.2519,2.09241,5.327
191,11.56945,2.28732,2.09546,5.33125
192,11.81677,2.4913,2.1057,5.33707
193,11.865,2.53317,2.10669,5.36206
194,11.92394,2.56908,2.11072,5.36644
195,11.96174,2.59601,2.11617,5.38669
196,11.98322,2.60398,2.1177,5.39372
197,12.11699,2.68676,2.1177,5.80086
198,12.12917,2.69525,2.12781,5.80086
199,12.19142,2.72767,2.13795,5.80086
200,12.29597,2.82242,2.14783,5.81274
201,12.39511,2.91486,2.15581,5.83128
202,12.42661,2.93515,2.15783,5.84135
203,12.4458,2.95047,2.16284,5.84135
204,12.48274,2.9807,2.16284,5.85947
205,12.51043,3.01493,2.16796,5.86196
206,12.54554,0.04999,2.17203,5.86196
207,12.57676,0.08025,2.18566,5.86949
208,12.60093,0.11801,2.18887,6.36016
209,12.65045,0.15028,2.18987,6.37683
210,12.68362,0.17496,2.19281,6.38978
211,12.72234,0.221,2.19414,7.12351
212,12.76607,0.25124,2.20295,7.19623
213,13.38237,0.90017,2.20757,7.2865
214,13.42284,0.92991,2.20948,7.40999
215,13.45286,0.95009,2.21621,7.40999
216,13.49814,0.9994,2.21773,7.42007
217,13.52521,1.02005,2.22511,7.46832
218,13.57127,1.0503,2.23138,7.47034
219,13.61412,1.1001,2.24806,7.47034
220,13.64004,1.13832,2.25612,7.48141
221,13.68587,1.16049,2.26267,7.51067
222,13.72056,1.18517,2.2782,7.52172
223,13.75502,1.21089,2.48813,7.59506
224,13.78825,1.24128,2.49266,7.59805
225,13.82627,1.27163,2.49266,7.60515
226,13.86052,1.29984,2.50282,7.62011
227,13.90463,1.34031,2.5117,7.64005
228,13.93491,1.36531,2.5127,7.65325
229,13.95576,1.39511,2.52279,9.02765
230,13.97786,1.415,2.54258,9.52143
231,14.00402,1.44377,2.56276,10.2397
232,14.02964,1.46197,2.57284,10.29658
233,14.08033,0.05244,2.58295,10.29758
234,14.38265,0.33336,2.58812,10.31453
235,14.44338,0.41253,2.58965,10.31653
236,14.48602,0.45291,2.59268,10.3265
237,14.55306,0.50497,2.59268,10.33149
238,14.65568,0.58817,2.59776,10.33248
239,14.73121,0.65675,2.61188,10.33348
240,14.80536,0.7195,2.61243,10.34844
241,14.92371,0.80043,2.61443,10.3654
242,15.13011,0.95745,2.61443,10.36739
243,15.20345,1.04257,2.79401,10.37238
244,15.28543,1.11304,2.79753,10.37637
245,15.35335,1.17369,2.79753,10.40629
246,15.50014,1.29521,2.80206,10.41127
247,15.55868,1.35241,2.80411,10.42224
248,15.63268,1.39739,2.80764,11.48651
249,15.67276,1.42669,2.82442,11.51444
250,15.69789,1.44688,2.82442,12.56364
251,15.76374,1.48723,2.82442,12.56564
252,15.80662,1.52252,2.83249,13.87746
253,15.8849,1.5581,2.83451,13.94153
254,15.92524,1.58633,2.83755,13.94452
255,16.02053,1.63929,2.84508,13.94788
256,16.09265,1.6897,2.84763,13.95581
257,16.10118,1.69278,2.85467,13.9568
258,16.15152,1.73258,2.85769,13.96179
259,16.21409,1.77265,2.86274,13.96478
260,16.22148,0.0505,2.86783,13.97374
261,16.24716,0.06759,2.86783,13.98591
262,16.28146,0.10286,2.87589,13.99938
263,16.38484,0.20385,2.89276,14.00137
264,16.4609,0.2579,2.8933,14.0201
265,17.04608,0.753,2.91223,14.025
266,17.70938,1.2979,2.91383,14.02771
267,17.99054,1.61863,2.91885,14.02874
268,18.05367,1.69274,2.92097,14.0306
269,18.13124,1.7827,2.92197,14.03158
270,18.18158,1.86088,2.92757,14.03357
271,18.3109,2.00849,2.92757,14.6104
272,18.43286,2.08978,2.92757,14.61339
273,18.54888,2.14763,2.93571,14.65395
274,18.70582,2.24986,2.93773,14.65695
275,18.84015,2.32267,2.93773,14.66393
276,18.9961,2.45383,2.9626,14.66843
277,19.17483,2.55755,2.96615,14.67431
278,19.29249,2.61839,2.97473,14.67832
279,19.40101,2.69121,2.97524,14.6863
280,19.45167,2.72014,2.97779,14.69627
281,19.48648,2.74607,2.9828,14.70325
282,19.60137,2.82386,2.9828,14.70525
283,19.73569,2.93274,2.98736,14.71223
284,19.88177,3.0442,2.99744,14.71923
285,20.00524,3.13758,2.99744,14.72521
286,20.46704,3.4926,3.01507,14.72779
287,20.50681,3.5229,3.02771,14.73078
288,20.55431,3.55268,3.03103,14.73377
289,20.61102,3.58796,3.03217,14.73548
290,20.66072,3.6383,3.03217,14.75194
291,20.712,3.68272,3.03521,14.75831
292,20.75166,3.72259,3.03775,14.76826
293,20.81059,3.75753,3.04275,14.77125
294,20.86034,3.79281,3.04731,14.77868
295,20.90187,3.84024,3.05231,14.78033
296,20.95568,3.89509,3.06237,14.79455
297,21.00329,3.9261,3.0654,14.79555
298,21.04869,3.96121,3.0886,14.79754
299,21.48547,4.38345,3.09217,14.80053
300,21.51304,4.42143,3.10119,14.80352
301,21.68308,1.60549,3.43764,14.81055
302,21.72974,1.64588,3.44894,14.81883
303,21.76066,1.66611,3.45098,14.82048
304,21.79105,1.6911,3.45308,14.82148
305,21.82537,1.72001,3.47106,15.04877
306,21.86978,1.75031,3.47309,15.05278
307,22.15358,1.90919,3.50212,15.37189
308,22.18986,1.9421,3.51762,15.38087
309,22.22055,1.97102,3.52425,15.38286
310,22.25769,1.99895,3.52778,15.38585
311,22.2675,2.00693,3.53334,16.29817
312,22.35546,2.08722,3.53793,16.32615
313,22.36879,2.09919,3.53793,16.3444
314,22.41939,2.13111,3.54756,16.3474
315,22.54047,2.19892,3.55158,16.35051
316,22.64708,2.26575,3.55362,16.35238
317,22.6872,2.28321,3.56375,16.35483
318,22.70419,2.29717,3.56375,16.35483
319,22.74464,2.3231,3.56777,16.35939
320,22.78122,2.34205,3.582,16.36138
321,22.8224,2.36699,3.5947,16.36437
322,22.85179,2.38893,3.60208,16.52986
323,22.87436,2.40688,3.60419,16.52786
324,22.91294,2.4378,3.60659,16.66164
325,22.94456,2.46273,3.735,16.66317
326,22.97807,2.50413,3.735,16.66472
327,23.00918,2.53106,3.73943,16.66567
328,23.69062,3.07496,3.73943,16.66772
329,23.72442,3.13511,3.74752,16.66967
330,23.7459,3.16031,3.75253,16.67139
331,23.77636,3.20273,3.75306,16.67588
332,23.79152,3.22487,3.75765,16.68087
333,23.8194,3.26114,3.75765,16.68505
334,23.84716,3.29143,3.75765,16.68563
335,23.87493,3.31529,3.76536,16.69925
336,23.90244,3.34507,3.76536,16.75145
337,23.92741,3.37024,3.77745,16.75372
338,23.96515,3.3945,4.12556,16.89604
339,24.00164,3.43531,4.13163,16.89758
340,24.03939,3.46362,4.13301,16.93533
341,24.07688,3.50004,4.13401,17.04126
342,24.14644,1.54581,4.13769,17.04723
343,24.26522,1.566,4.13983,17.04923
344,24.32009,1.59428,4.14187,17.05527
345,24.34884,1.61661,4.14187,17.09823
346,24.37383,1.63481,4.1479,17.10404
347,24.39472,1.64693,4.15197,17.62081
348,24.4215,1.68127,4.15804,17.63763
349,24.67213,1.98115,4.1621,17.66607
350,24.71092,2.07242,4.1621,17.77884
351,24.7563,2.13325,4.1621,17.79023
352,24.8044,2.18113,4.1702,17.79622
353,24.91068,2.25991,4.17223,17.79821
354,25.02265,2.31727,4.17223,17.91541
355,25.09953,1.82972,4.17779,17.9184
356,25.153,1.89654,4.18032,17.93935
357,25.39333,2.04765,4.18234,17.94162
358,25.5251,2.10449,4.18787,17.94562
359,25.66818,2.16433,4.19039,17.95717
360,25.80583,2.21121,4.19245,17.97168
361,25.98057,2.32242,4.19245,17.97467
362,26.02823,2.38027,4.19789,17.98771
363,26.08285,2.43463,4.20072,17.9907
364,26.10978,2.46256,4.2018,17.99378
365,26.12574,2.47853,4.20379,17.99777
366,26.16913,2.5234,4.20783,18.22015
367,26.1971,2.55431,4.21089,18.25028
368,26.24448,2.59221,4.21445,18.27031
369,26.28768,2.61914,4.21445,18.24438
370,26.37052,2.68,4.25763,18.29032
371,26.48008,2.74382,4.25814,18.29131
372,26.49198,2.74981,4.26052,18.36925
373,26.5768,2.79968,4.26451,18.37821
374,26.66617,2.84019,4.2739,18.38652
375,26.67524,2.84223,4.28193,18.39389
376,26.71513,2.86252,4.28396,18.41051
377,26.79408,2.89241,4.28798,18.41541
378,26.94177,2.96748,4.29407,18.4174
379,27.00205,3.03424,4.29407,18.43091
380,27.69339,3.50271,4.52911,18.53781
381,28.38684,4.03715,4.53198,20.33401
382,28.67982,4.30524,4.53672,18.54031
383,28.76889,4.38327,4.55541,18.54486
384,28.90961,4.48275,4.60773,18.54686
385,29.01125,4.55626,4.61507,18.55094
386,29.20904,4.65751,4.62345,18.55194
387,29.39388,4.73431,4.62805,18.5547
388,29.49144,4.80021,4.63107,18.55767
389,29.62486,4.89823,4.64436,18.56315
390,29.73545,4.97422,4.64766,18.56415
391,29.86528,5.06532,4.6572,18.5886
392,30.01825,5.15623,4.6664,18.59132
393,30.12276,5.21921,4.67201,18.59132
394,30.24168,5.30028,4.68806,18.59287
395,30.28982,5.34427,4.68909,18.6316
396,30.32008,1.95757,4.69403,18.6326
397,30.42157,2.10069,4.69978,18.63359
398,30.58454,2.21937,4.71084,18.63559
399,30.73953,2.33358,4.72128,18.63758
400,30.86486,2.44328,4.7248,18.6402
401,31.40176,2.82579,4.72699,18.64157
402,31.44437,2.85471,4.75281,18.64366
403,31.50475,2.89261,4.76315,18.69638
404,31.57241,2.92358,4.77977,18.69937
405,31.63764,2.96369,4.79026,17.63464
406,31.69459,3.02418,4.82001,18.98663
407,31.75657,3.05442,4.82101,18.98863
408,31.81592,3.09478,4.82201,18.98962
409,31.87189,3.13828,4.82389,18.14781
410,31.92646,3.17862,4.82754,18.99122
411,31.98702,3.22854,4.83502,19.03753
412,32.04649,3.26835,4.84104,19.03908
413,32.10645,3.29857,4.84413,19.04511
414,32.83196,3.71364,4.84513,19.0481
415,32.88885,3.74338,4.84996,19.0491
416,33.0538,3.90083,4.8535,19.06488
417,33.09969,3.94124,4.85502,19.05807
418,33.1194,3.96386,4.85785,19.06789
419,33.14209,3.99585,4.8605,19.07471
420,33.17172,4.03897,4.8625,19.10965
421,33.1983,4.08102,4.87536,19.11442
422,33.42377,4.26213,4.89026,20.50663
423,33.478,4.30113,4.89325,19.11552
424,33.53293,4.33716,4.89933,19.1179
425,33.57907,4.36419,4.90471,19.12178
426,33.59165,4.37718,4.9077,19.11865
427,33.6936,4.47619,4.92018,19.15143
428,33.71204,4.48719,4.9574,19.27813
429,33.76833,4.53317,4.96775,20.52758
430,33.85562,4.62217,4.97008,19.15262
431,33.96044,4.70258,4.97575,21.02072
432,33.98853,4.72253,4.97983,19.28161
433,34.00777,4.74846,4.98083,21.62572
434,34.03863,4.78735,4.98283,19.28312
435,34.0751,4.8083,4.99775,19.29482
436,34.10844,4.83622,5.00305,19.30223
437,34.13726,1.97613,5.23887,19.33162
438,34.15793,1.99708,5.24228,19.33517
439,34.20742,2.04694,5.25598,19.33517
440,34.24365,2.08036,5.25809,19.35487
441,34.28558,2.13422,5.26801,19.35587
442,34.32529,2.16214,5.27778,19.36282
443,35.12591,2.80048,5.29884,19.36482
444,35.15663,2.82941,5.31091,19.36681
445,35.19789,2.85034,5.3281,21.66717
446,35.23887,2.88326,5.3339,19.36974
447,35.26483,2.90477,5.34166,19.37472
448,35.30843,2.94488,5.67704,19.37866
449,35.35211,2.9807,5.68156,19.39898
450,35.38885,3.01092,5.68801,19.40047
451,35.42467,3.0503,5.69363,19.49208
452,35.45245,3.08154,5.69666,19.49208
453,35.48533,3.12202,5.69898,19.49371
454,35.52958,3.14521,5.70661,19.49568
455,35.56029,3.18501,5.70763,19.49568
456,35.58848,3.22539,5.71427,19.49769
457,35.64255,3.26012,5.72216,19.56572
458,35.67104,3.27525,5.7282,19.56572
459,35.70053,3.29543,5.7312,19.56671
460,35.71797,3.33401,5.73634,19.56671
461,35.7557,3.35516,5.74171,22.44616
462,35.7751,3.36523,5.74171,19.56771
463,35.81703,2.18487,5.75052,19.56787
464,36.12402,2.41376,5.75826,19.5688
465,36.18375,2.45764,5.76026,19.56973
466,36.23686,2.50053,5.76756,19.5747
467,36.2916,2.54991,6.02253,19.57657
468,36.38436,2.6277,6.02735,19.5776
469,36.4683,2.68655,6.0302,19.57855
470,36.53547,2.7414,6.03419,19.58067
471,36.63144,2.81023,6.0413,19.58154
472,36.8303,2.99198,6.04387,19.58353
473,36.91182,3.08267,6.04614,22.49859
474,36.99905,3.15901,6.05236,19.59052
475,37.07628,3.22404,6.05391,19.59151
476,37.22613,3.37751,6.05809,19.59228
477,37.29839,3.42591,6.06008,22.50159
478,37.36991,3.48653,6.18179,19.6016
479,37.4094,3.51925,6.18279,19.59761
480,37.43179,3.5395,6.19042,19.61075
481,37.49072,3.61388,6.19295,19.61552
482,37.53423,3.64369,6.19604,22.51854
483,37.58586,3.68903,6.20004,22.5196
484,37.61177,3.73126,6.21124,19.60951
485,37.71325,3.79992,6.21423,19.61919
486,37.81072,3.88381,6.21776,19.62301
487,37.82765,3.89083,6.22325,18.65062
488,37.90484,3.93115,6.22955,19.6307
489,37.96504,3.98214,6.23254,19.6321
490,37.97115,3.98715,6.23354,19.6321
491,37.98897,2.33323,6.36588,19.63354
492,38.01192,2.35816,6.37658,19.63482
493,38.07818,2.43495,6.37861,19.63881
494,38.141,2.4973,6.38175,19.63981
495,38.68353,2.9414,6.38564,19.64081
496,39.40831,3.47116,6.4147,19.64181
497,39.79772,3.72916,6.41996,19.64503
498,39.88866,3.80093,6.51871,19.6461
499,40.01322,3.89126,6.51998,19.65
500,40.11514,3.95255,6.5213,19.65499
501,40.23095,4.04473,6.5258,19.65599
502,40.35285,4.14978,6.52998,19.65707
503,40.42451,4.21782,6.53098,19.6671
504,40.55033,4.33386,6.53911,19.6691
505,40.65327,4.42688,6.54323,19.6701
506,40.72412,4.51888,6.54423,19.6701
507,40.81527,4.60888,6.54722,19.6765
508,40.86666,4.68029,6.56396,19.69397
509,40.93148,4.75708,6.57097,19.69995
510,40.95518,4.78501,6.57698,19.70095
511,40.97197,4.80296,6.58416,19.70195
512,41.05415,4.88487,6.58624,19.70195
513,41.1579,4.98488,6.59211,19.70594
514,41.26267,5.10085,6.60103,19.70684
515,41.44272,5.2029,6.60354,19.70684
516,41.58341,5.26388,6.60865,19.7148
517,41.74634,5.3819,6.61882,19.71779
518,41.82834,5.45987,6.61983,19.71979
519,41.94626,5.55194,6.62284,19.72478
520,42.03998,5.62889,6.62583,19.72577
521,42.11261,5.68689,6.63271,19.72577
522,42.18532,5.77328,6.63566,19.72976
523,42.23771,5.84608,6.64192,19.73076
524,42.31293,5.95597,6.64595,19.73176
525,42.39503,6.08594,6.65394,19.73674
526,42.44402,6.16496,6.65594,19.7517
527,42.50833,6.24593,6.65893,19.75669
528,42.53262,6.28635,6.66092,19.76168
529,42.54718,6.30604,6.83145,19.76268
530,42.62829,6.38617,6.8335,19.76666
531,42.73382,6.49424,6.83549,19.77065
532,42.86459,3.21079,6.83649,17.80918
533,42.95134,3.30152,6.83749,19.77464
534,43.26728,3.65027,6.8415,19.77564
535,43.31147,3.68573,6.84504,19.77664
536,43.36413,3.7261,6.85478,19.77919
537,43.39664,3.77656,6.85628,19.78019
538,43.42987,3.81003,6.85628,19.78318
539,43.47958,3.84727,6.8638,19.78418
540,43.53975,3.88767,6.86778,19.78518
541,43.60539,3.92351,6.86914,19.78839
542,43.65468,3.98155,6.87534,19.7894
543,43.69022,4.02567,6.88017,19.7894
544,43.7484,4.07477,6.91625,19.7927
545,43.8034,4.12776,6.94382,19.79438
546,43.86048,4.16875,6.95072,19.79555
547,44.34512,4.58037,6.9606,19.80272
548,44.39627,4.61088,6.97001,19.80371
549,44.5514,4.7401,6.97201,19.81009
550,44.58912,4.78997,6.98654,19.81495
551,44.60679,4.81889,6.99642,19.81604
552,44.62816,4.84385,7.00045,19.81704
553,44.67155,4.87584,7.00245,19.81837
554,44.6961,4.90883,7.00444,19.81976
555,44.86109,5.07484,7.00952,19.82076
556,44.88969,5.11499,7.01048,19.82275
557,44.9174,5.1489,7.01348,19.82475
558,44.95067,5.18187,7.02648,19.82515
559,44.96127,5.19089,7.02862,19.83269
560,45.06,5.27686,7.03484,19.83713
561,45.06962,5.28684,7.03554,19.83812
562,45.09717,5.34092,7.04953,19.84511
563,45.15797,5.43386,7.05053,19.85148
564,45.22772,5.52996,7.05452,19.85264
565,45.24513,5.55192,7.24583,19.85447
566,45.26736,5.56587,7.25285,19.85547
567,45.29464,5.6009,7.25983,19.85747
568,45.31101,5.62188,7.27277,19.85961
569,45.33796,5.64987,7.2849,19.85961
570,45.36214,5.67089,7.29271,19.86245
571,45.38445,5.68985,7.2977,19.86345
572,45.43051,5.72089,7.30274,19.86445
573,45.46275,3.39246,7.45482,19.86879
574,45.49006,3.43289,7.45783,19.87369
575,45.5292,3.46561,7.46083,19.87794
576,46.49336,4.05571,7.46183,19.87894
577,46.52768,4.09029,7.46662,19.88093
578,46.55012,4.11377,7.46794,19.88592
579,46.58796,4.15975,7.4729,19.88692
580,46.61142,4.17874,7.47641,19.88692
581,46.64932,4.22031,7.4781,19.89888
582,46.67525,4.24881,7.48091,19.89888
583,46.69918,4.27482,7.50085,19.89988
584,46.72329,4.33583,7.50551,19.89988
585,46.75022,4.36586,7.50806,19.90188
586,46.77914,4.39186,7.51793,19.90387
587,46.81305,4.42036,7.66984,19.90786
588,46.84696,4.44985,7.67284,19.90886
589,46.87289,4.47986,7.67483,19.91584
590,46.90416,4.52984,7.68103,19.91584
591,46.92976,4.5509,7.68786,19.91684
592,46.94971,4.57089,7.69384,19.91684
593,46.9717,4.60187,7.69789,19.91851
594,46.9906,4.62288,7.70404,19.92002
595,47.00357,4.63886,7.70591,19.93051
596,47.03105,3.53651,7.80002,19.93151
597,47.25537,3.78986,7.80281,17.64313
598,47.30697,3.83515,7.80381,19.94048
599,47.3867,3.8796,7.8068,19.93649
600,47.48486,3.91992,7.81209,19.94354
601,47.66806,4.05565,7.82581,19.94647
602,47.80506,4.12268,7.82762,19.94859
603,47.90411,4.19072,7.82829,19.95059
604,47.97614,4.27873,7.82926,19.95557
605,48.10778,4.45877,7.83182,19.95557
606,48.16721,4.52177,7.84706,19.95557
607,48.22688,4.59079,7.85818,19.96655
608,48.26376,4.63925,7.86021,19.96754
609,48.37982,4.75195,7.86624,19.96854
610,48.43538,4.8058,7.86915,19.99765
611,48.48511,4.86025,7.87117,19.99964
612,48.53362,4.89475,7.87411,20.00233
613,48.56213,4.91879,7.87913,20.00233
614,48.6124,4.97276,7.88126,20.0038
615,48.64507,5.02024,7.88423,20.00632
616,48.71175,5.05973,7.88929,20.00732
617,48.75577,5.09043,7.99881,20.00831
618,48.82769,5.14977,7.99981,20.00831
619,48.87744,5.20874,8.0028,20.00831
620,48.88075,5.21575,8.00854,20.00831
621,48.9283,5.26677,8.01359,20.00931
622,48.98826,5.30873,8.01665,20.0143
623,48.99425,5.31175,8.01962,20.0143
624,49.00335,5.33181,8.02261,20.03225
625,49.02891,5.38777,8.03013,20.03325
626,49.11883,5.46875,8.03419,20.03425
627,49.17191,4.03918,8.03628,20.03524
628,49.66865,4.49551,8.04238,20.03624
629,50.32145,4.99451,8.04891,20.03724
630,50.67794,5.30148,8.04991,20.03724
631,50.76792,5.37246,8.27141,20.03823
632,50.90615,5.49852,8.34704,20.03923
633,50.9944,5.57862,8.35702,20.05818
634,51.11254,5.67951,8.364,20.06018
635,51.22621,5.75751,8.365,20.10293
636,51.31448,5.81891,8.44479,20.10446
637,51.46175,5.91166,8.44829,20.10692
638,51.56462,5.98858,8.45528,20.10692
639,51.69337,6.09463,8.45779,20.10792
640,51.82856,6.22057,8.46229,20.10792
641,51.92599,6.28655,8.46229,20.10792
642,52.01545,6.36871,8.4724,20.10892
643,52.06341,6.39894,8.4734,20.11331
644,52.08843,6.41564,8.47539,20.1149
645,52.21239,6.50395,8.50789,20.1159
646,52.36212,6.62569,8.56567,20.11789
647,52.51668,6.7292,8.57078,20.11889
648,52.64373,6.84392,8.57377,20.11989
649,53.00924,7.19863,8.57876,20.1258
650,53.03417,7.2249,8.72992,20.12816
651,53.06709,7.27384,8.73183,20.12879
652,53.09904,7.30568,8.73583,20.1313
653,53.136,7.37877,8.86374,20.1313
654,53.17191,7.43873,8.87719,20.1323
655,53.20781,7.48524,8.88824,20.1333
656,53.24275,7.51757,8.89322,20.13429
657,53.29622,7.55831,8.91025,20.13629
658,53.35279,7.59895,8.91718,20.13915
659,53.40372,7.6394,8.91918,20.14578
660,53.45213,7.67981,9.01501,20.14784
661,53.50105,7.72377,9.017,20.14877
662,54.09049,8.11386,9.019,20.27013
663,54.13288,8.17405,9.01999,20.27013
664,54.34461,8.30526,9.01999,20.27013
665,54.42508,8.35359,9.02955,20.27484
666,54.44458,8.37577,9.03154,20.27684
667,54.48987,8.39888,9.12801,20.27797
668,54.54048,4.45843,9.12852,20.28018
669,54.575,4.49743,9.13052,18.55011
670,54.81192,4.65776,9.13603,20.36895
671,54.86212,4.68669,9.13902,20.4615
672,54.90021,4.7196,9.145,20.4625
673,54.94343,4.74752,9.15748,20.46874
674,54.95618,4.7565,9.30483,20.46973
675,55.0652,4.83941,9.30898,20.47472
676,55.07769,4.85292,9.31204,20.47582
677,55.13226,4.89444,9.31303,20.49467
678,55.23091,4.9794,9.31702,19.27913
679,55.36491,5.06357,9.32214,19.28013
680,55.39238,5.08152,9.32912,21.00476
681,55.40911,5.09449,9.34161,21.00875
682,55.44858,5.12045,9.34708,21.00875
683,55.48224,5.14142,9.40073,19.28013
684,55.52244,5.16442,9.40173,21.60478
685,55.55223,5.18842,9.40971,21.60478
686,55.58243,5.21742,9.41071,21.60584
687,55.62979,5.2504,9.4124,21.60677
688,55.69286,5.2814,9.4179,21.60876
689,55.75901,5.31351,9.42188,21.61076
690,55.82723,5.34645,9.43286,21.61076
691,56.74496,5.91151,9.43385,21.61375
692,56.79955,5.94952,9.43684,21.61375
693,56.82669,5.97049,9.43996,21.61475
694,56.87648,6.03351,9.44195,21.61475
695,56.90398,6.06553,9.44295,21.61575
696,56.95575,6.10149,9.44794,21.61674
697,57.00779,6.13748,9.45492,21.61874
698,57.04733,6.17047,9.4639,21.62173
699,57.08972,6.20767,9.46589,19.28983
700,57.13604,6.25407,9.46689,21.62698
701,57.17796,6.2878,9.46789,21.62772
702,57.2393,6.31758,9.47088,21.62772
703,57.30546,6.34476,9.47188,21.62772
704,57.35364,6.3752,9.47786,21.62871
705,57.42032,6.40793,9.48285,21.62923
706,57.46608,6.42808,9.49282,21.63023
707,57.49203,6.44779,9.49482,21.63123
708,57.51277,6.47765,9.50381,21.63144
709,57.53272,4.66031,9.50681,21.63643
710,57.54668,4.67527,9.51939,21.63643
711,57.57618,4.70619,9.52118,19.3857
712,57.84319,4.94386,9.52318,22.41419
713,57.8887,4.99784,9.52517,22.41921
714,57.94185,5.03882,9.52717,22.43516
715,57.99798,5.07683,9.53315,19.5688
716,58.0724,5.16091,9.53814,19.60079
717,58.1489,5.22485,9.53921,19.6162
718,58.20484,5.29683,9.54213,22.52053
719,58.27149,5.38386,9.54412,22.52153
720,58.54402,5.52996,9.54512,19.6172
721,58.61632,5.58885,9.57561,19.61847
722,58.69892,4.90015,9.57761,22.52153
723,58.74919,4.9582,9.5826,22.52321
724,58.9141,5.07314,9.58659,22.52353
725,59.00287,5.13532,9.60158,22.52452
726,59.07742,5.18423,9.60258,22.52652
727,59.12656,5.21519,9.60557,22.52752
728,59.15737,5.23317,9.60656,22.93484
729,59.24122,5.27817,9.61055,22.93783
730,59.28152,5.31016,9.61454,22.94034
731,59.34011,5.35015,9.61654,22.94778
732,59.36964,5.39521,9.62252,23.22768
733,59.45636,5.49818,9.62709,23.59699
734,59.52663,5.56326,9.62809,23.59898
735,59.53272,5.56924,9.63308,23.60059
736,59.56614,5.61519,9.64305,23.60229
737,59.60103,5.6572,9.64505,23.607
738,59.60502,5.66119,9.64804,23.60799
739,59.61957,5.67818,9.65802,23.60999
740,59.64473,5.70117,9.67249,23.61099
741,59.7085,5.77861,9.67419,23.61597
742,59.76542,5.83546,9.67716,23.61648
743,60.30453,6.31872,9.69381,23.62447
744,60.91028,6.86342,9.69544,23.63446
745,61.21038,7.1441,9.70168,23.65344
746,61.26298,7.21824,9.71005,23.65624
747,61.387,7.3383,9.7141,23.83249
748,61.53142,7.39834,9.72321,23.8405
749,61.72423,7.48522,9.73019,23.8405
750,61.87043,7.56354,9.73418,24.01585
751,62.0143,7.64343,9.73817,24.01684
752,62.11663,7.74346,9.74515,24.01684
753,62.19181,7.82348,9.75612,24.01784
754,62.30885,7.91359,9.75863,24.12414
755,62.45077,8.02362,9.98275,24.12414
756,62.55259,8.14373,9.98375,24.12514
757,62.66324,8.22456,9.98692,24.12714
758,62.69119,8.25478,9.99757,24.12814
759,62.73015,8.27494,9.99908,24.13013
760,62.85755,8.36354,10.00471,24.13113
761,62.98103,8.46396,10.01241,24.13512
762,63.12382,8.56768,10.01594,24.1411
763,63.23869,5.46134,10.02773,24.15099
764,63.84168,5.82034,10.03172,24.15199
765,63.91395,5.85031,10.03829,24.22841
766,63.96931,5.89131,10.04782,24.28414
767,64.01119,5.9383,10.0563,24.28614
768,64.06595,5.97633,10.05988,24.28614
769,64.12884,6.01629,10.0729,24.28714
770,64.19693,6.0883,10.0777,24.28813
771,64.28406,6.13227,10.0787,24.28913
772,64.35721,6.17728,10.07969,24.29114
773,64.39182,6.2177,10.0867,24.29213
774,64.42103,6.25401,10.2959,24.29312
775,64.45085,6.29438,10.30388,24.29312
776,64.48642,6.32757,10.31186,24.29412
777,65.3804,6.78255,10.31285,24.29412
778,65.43972,6.82086,10.31485,24.2991
779,65.58426,6.96734,10.31585,24.30836
780,65.64146,7.01272,10.32099,24.30908
781,65.69053,7.03292,10.33794,24.30908
782,65.74936,7.07129,10.35004,24.31007
783,65.82891,7.1127,10.35303,24.31069
784,65.92199,7.16267,10.35773,24.31107
785,66.27056,7.34584,10.36569,24.31107
786,66.3147,7.38261,10.37041,24.31258
787,66.35938,7.41657,10.3724,24.31358
788,66.40192,7.4473,10.3734,24.31458
789,66.41557,7.45745,10.37839,24.73313
790,66.56908,7.54285,10.38138,24.73512
791,66.58118,7.56866,10.38488,24.73712
792,66.62502,7.61263,10.38488,24.73812
793,66.70845,7.6978,10.39536,24.74212
794,66.80584,7.77277,10.40534,24.7451
795,66.83354,7.79038,10.54049,24.7451
796,66.8575,7.80746,10.54178,24.74909
797,66.91196,7.83274,10.54477,24.75009
798,66.94963,7.85251,10.55303,24.75108
799,66.99531,7.87765,10.5697,24.98045
800,67.03455,7.90136,10.57976,24.98145
801,67.07999,7.94274,10.58594,24.98344
802,67.16239,7.98751,10.59003,24.98444
803,67.21805,8.03259,10.69775,24.98544
804,67.28396,5.5079,10.70074,24.98644
805,67.35106,5.5448,10.70274,24.98743
806,68.05158,6.13184,10.70274,25.01143
807,68.08022,6.16783,10.70374,25.01587
808,68.10018,6.19581,10.71072,25.25298
809,68.1351,6.23182,10.71271,25.25797
810,68.15388,6.25507,10.71371,25.29698
811,68.18609,6.28937,10.71821,25.46807
812,68.21697,6.32163,10.7212,25.47506
813,68.25686,6.35492,10.72519,25.48104
814,68.28988,6.38209,10.72918,25.49002
815,68.32918,6.4105,10.73816,25.49101
816,68.36603,6.43519,10.74115,25.50507
817,68.40911,6.46541,10.74414,25.50706
818,68.446,6.50128,10.74813,25.50806
819,68.47104,6.52507,10.75611,25.50906
820,68.50969,6.57204,10.7581,25.51205
821,68.54976,6.59424,10.76209,25.51305
822,68.59869,6.6124,10.76309,25.51504
823,68.62342,6.63459,10.76708,25.51504
824,68.65273,6.65317,10.76908,25.51903
825,68.67427,6.66547,10.79103,25.52003
826,68.74909,5.62188,10.79345,25.52402
827,69.0482,5.88198,10.79526,25.54396
828,69.08719,5.94097,10.8036,25.57306
829,69.12883,5.98493,10.80759,26.95402
830,69.20397,6.03593,10.81558,26.96
831,69.34672,6.14194,10.81662,26.96107
832,69.45671,6.2079,10.82207,26.96107
833,69.52311,6.27124,10.83205,26.96399
834,69.64442,6.33523,10.84518,26.9681
835,69.92343,6.49119,10.84663,26.97109
836,70.0433,6.57407,10.84896,26.98205
837,70.12871,6.64265,10.85594,27.01222
838,70.18971,6.6957,10.85945,27.01222
839,70.40555,6.82788,10.98478,27.01323
840,70.47462,6.88647,10.98977,27.01386
841,70.53683,6.96535,10.99077,27.01529
842,70.57812,7.00976,10.99176,27.01723
843,70.60162,7.02996,10.99276,27.01823
844,70.65583,7.07519,10.99575,27.02421
845,70.70453,7.11066,10.99675,27.03518
846,70.75629,7.15112,11.01172,27.03717
847,70.79423,7.17931,11.01969,27.0455
848,70.87882,7.24492,11.02568,27.0455
849,70.95626,7.30241,11.03565,27.0465
850,70.96279,7.30492,11.04961,27.0485
851,71.03569,7.34525,11.05659,27.05001
852,71.09345,7.39325,11.05813,27.051
853,71.09966,7.4034,11.06065,27.05652
854,71.12387,7.43362,11.06163,27.05949
855,71.15694,7.46393,11.06163,27.06548
856,71.26761,7.54531,11.06761,27.06668
857,71.35575,7.61047,11.06761,27.07836
858,72.18817,6.16044,11.09012,27.07935
859,72.88498,6.68008,11.09311,27.18755
860,73.12466,6.95003,11.23763,27.0953
861,73.1842,7.03497,11.24661,27.32801
862,73.25318,7.14907,11.25318,27.32901
863,73.32121,7.22523,11.25617,27.33
864,73.43259,7.31498,11.25826,27.33818
865,73.53836,7.38509,11.27239,27.84109
866,73.67338,7.45529,11.27538,27.84208
867,73.84179,7.55998,11.28237,27.84509
868,73.95589,7.63426,11.2845,27.84509
869,74.07563,7.73026,11.28735,27.84653
870,74.20885,7.82782,11.28886,27.84738
871,74.29507,7.88826,11.29164,27.85004
872,74.39887,7.96698,11.29317,27.8521
873,74.4333,8.0003,11.29317,27.82861
874,74.45952,8.01739,11.2945,27.85516
875,74.57337,8.10826,11.43445,27.856
876,74.69954,8.2153,11.44243,27.86203
877,74.8593,8.32514,11.54146,27.86302
878,74.97356,8.4167,11.54146,27.86402
879,75.44789,8.74365,11.55144,27.88227
880,75.48308,8.7705,11.55296,27.89817
881,75.53221,8.80586,11.55495,27.89973
882,75.58391,8.8302,11.55695,27.90073
883,75.63411,8.85032,11.56692,27.90173
884,75.68565,8.87711,11.57091,27.90305
885,75.72683,8.91051,11.69102,27.90373
886,75.78242,8.9302,11.7155,27.90387
887,75.8243,8.95606,11.72248,27.90499
888,75.87602,8.98018,11.72448,27.90871
889,75.92168,9.00023,11.72847,27.9149
890,75.98228,9.03014,11.73545,27.91689
891,76.01827,9.06066,11.74442,27.99831
892,76.45597,9.34056,11.7564,28.00164
893,76.50653,9.36288,11.75939,28.00164
894,76.6981,9.47002,11.76338,28.03518
895,76.7397,9.49437,11.7673,28.03703
896,76.76012,9.51251,11.76979,28.04195
897,76.78633,9.52472,11.78019,28.04295
898,76.81581,9.55012,11.78319,28.04295
899,76.84974,6.53266,11.78717,28.04295
900,77.07045,6.73508,11.79256,28.06761
901,77.11398,6.76109,11.79815,28.06907
902,77.15746,6.79131,11.80513,28.07089
903,77.19973,6.84113,11.80712,28.07129
904,77.21077,6.8512,11.81033,28.07329
905,77.32429,6.95812,11.81233,28.12433
906,77.33895,6.97149,11.81732,28.12677
907,77.38833,7.02142,11.82438,28.13638
908,77.49162,7.11169,11.82687,28.13738
909,77.60903,7.20608,11.82887,28.1385
910,77.63948,7.23285,11.83086,28.14051
911,77.66374,7.25307,11.83186,28.14173
912,77.70528,7.29132,11.84087,28.14656
913,77.73431,7.32366,11.84486,28.14756
914,77.78078,7.34628,11.85088,28.14961
915,77.82276,7.36645,11.85188,28.14961
916,77.85979,7.38612,11.8709,28.15161
917,77.9394,7.42457,11.88843,28.15161
918,77.98052,7.45632,11.88895,28.16006
919,78.03569,7.50108,11.89492,28.16006
920,78.06277,7.53621,12.07694,28.16107
921,78.75943,8.14162,12.08006,28.16206
922,78.83122,8.18212,12.08107,28.19717
923,78.86476,8.20227,12.08406,28.19864
924,78.89852,8.24052,12.08506,28.2022
925,78.92017,8.26623,12.09005,28.21936
926,78.94934,8.30098,12.09204,28.23052
927,78.98112,8.33322,12.09703,28.23154
928,79.01079,8.36139,12.10102,28.24862
929,79.03546,8.38681,12.11,28.25087
930,79.06515,8.41174,12.11199,28.25207
931,79.10702,8.43967,12.11798,28.25307
932,79.13292,8.4656,12.24785,28.25307
933,79.16483,8.49053,12.24837,28.2571
934,79.19476,8.51846,12.25135,28.25851
935,79.2267,8.55037,12.26583,28.264
936,79.24565,8.57132,12.26935,28.26987
937,79.2646,8.59526,12.27136,28.27046
938,79.28995,8.6172,12.2824,28.27144
939,79.31887,8.63345,12.44814,28.2748
940,79.33882,6.49279,12.45014,28.27818
941,79.38071,6.54276,12.45129,28.295
942,79.76274,6.79267,12.45417,28.29599
943,79.81825,6.84258,12.4562,28.30212
944,79.86251,6.89148,12.4572,28.30611
945,79.91437,6.94771,12.45924,28.30962
946,80.0141,7.04248,12.46323,28.31085
947,80.08792,7.11777,12.46562,28.31141
948,80.13923,7.19245,12.46912,28.31341
949,80.19612,7.25498,12.47211,28.32065
950,80.31836,7.4165,12.47511,28.32582
951,80.3849,7.50295,12.48209,28.33261
952,80.461,7.58886,12.48408,28.33261
953,80.533,6.73003,12.48608,28.33364
954,80.68132,6.87032,12.48807,28.33466
955,80.74727,6.9268,12.50204,28.33567
956,80.81134,7.00776,12.5225,28.39966
957,80.85543,7.03492,12.53013,28.40066
958,80.8781,7.05807,12.56377,28.40066
959,80.93221,7.10057,12.56576,28.40166
960,80.97384,7.14906,12.58525,28.40166
961,81.01984,7.20505,12.59313,28.40317
962,81.0606,7.25503,12.59345,28.40716
963,81.13989,7.32058,12.59445,28.40816
964,81.22273,7.375,12.59744,28.41408
965,81.23071,7.38316,12.60343,28.42306
966,81.28568,7.42353,12.61041,28.42406
967,81.33895,7.46405,12.61141,28.43014
968,81.34477,7.47007,12.73756,28.43217
969,81.37069,7.48443,12.73955,28.44556
970,81.40939,7.52002,12.74653,28.44556
971,81.51297,7.59381,12.75052,28.44652
972,81.59302,7.68027,12.75252,28.44774
973,82.1967,8.15085,12.75551,28.44774
974,82.94808,8.70325,12.7595,28.44774
975,83.22492,8.90751,12.76848,28.44852
976,83.72129,9.14817,12.77352,28.45051
977,83.76326,9.17046,12.77452,28.45351
978,83.81219,9.20025,12.77651,28.4545
979,83.85826,9.22084,12.77651,28.4555
980,83.90586,9.25008,12.77849,28.45684
981,83.96048,9.27507,12.781,28.46348
982,84.00483,9.30185,12.78849,28.46559
983,84.05966,9.33501,12.79348,28.46958
984,84.12588,9.36285,12.80246,28.47158
985,84.19264,9.39121,12.85702,28.47357
986,84.26057,9.42004,12.96531,28.47889
987,84.32317,9.44178,12.9733,28.47989
988,84.37054,9.46399,12.98052,28.48108
989,84.91529,9.70568,12.98204,28.48294
990,84.9651,9.72576,12.98502,28.48539
991,85.10313,9.81003,12.99604,28.48639
992,85.1407,9.84033,12.99802,28.48838
993,85.16344,9.84994,13.00343,28.49038
994,85.18632,7.63629,13.07929,28.49187
995,85.21717,7.69037,13.0813,28.49237
996,85.24395,7.73026,13.0823,28.49436
997,85.41424,7.91003,13.08429,28.49436
998,85.44405,7.94527,13.08828,28.49491
999,85.47528,7.99023,13.08928,28.50289
1000,85.50319,8.03751,13.09789,28.50489
1001,85.51074,8.04758,13.09889,28.50589
1002,85.64065,8.15888,13.0999,28.50589
1003,85.66282,8.17103,13.10141,28.50589
1004,85.75328,8.20927,13.1034,28.50688
1005,85.90156,8.27533,13.10639,28.50888
1006,86.05039,8.35533,13.12248,28.50988
1007,86.07822,8.37247,13.14002,28.50988
1008,86.09782,8.38778,13.14152,28.51287
1009,86.12895,8.41371,13.14352,28.52085
1010,86.15211,8.43665,13.14551,28.54083
1011,86.17255,8.46058,13.15005,28.55178
1012,86.19494,8.48252,13.15309,28.56901
1013,86.224,8.50247,13.16007,28.57001
1014,86.28288,8.53538,13.1661,28.57898
1015,86.32441,8.55932,13.17508,28.58197
1016,86.37165,8.59423,13.22689,28.58197
1017,86.42523,8.62415,13.23587,28.58297
1018,86.99777,9.09806,13.24237,28.58517
1019,87.0281,9.12056,13.26062,28.58596
1020,87.04912,9.14036,13.2656,28.58699
1021,87.0809,9.16529,13.2656,28.58904
1022,87.11986,9.17855,13.28211,28.58995
1023,87.16933,9.20088,13.28367,28.59095
1024,87.22087,9.23094,13.28624,28.59909
1025,87.25611,9.25027,13.2897,28.60206
1026,87.29667,9.2715,13.2962,28.60306
1027,87.33261,9.29024,13.30598,28.60432
1028,87.3734,9.3099,13.31431,28.60734
1029,87.41819,9.33247,13.3203,28.61135
1030,87.46685,9.35277,13.32329,28.6284
1031,87.51153,9.37295,13.32669,28.6314
1032,87.57008,9.40333,13.33498,28.63239
1033,87.59762,9.41344,13.34052,28.6334
1034,87.62649,9.43367,13.34811,28.6334
1035,87.68127,7.61261,13.3501,28.63439
1036,87.74089,7.63283,13.35616,28.63638
1037,87.78512,7.64952,13.3612,28.63953
1038,87.87444,7.69289,13.36313,28.64037
1039,88.23597,7.9428,13.36467,28.65059
1040,88.2867,8.01279,13.37594,28.65159
1041,88.34812,8.08257,13.37691,28.65259
1042,88.40033,8.13767,13.37791,28.65458
1043,88.51756,8.21777,13.37891,28.6617
1044,88.61488,8.28476,13.4163,28.66265
1045,88.69389,8.35132,13.41929,28.66928
1046,88.83503,8.41216,13.42129,28.66981
1047,89.08012,8.56575,13.42229,28.68792
1048,89.15107,8.10741,13.43286,28.68892
1049,89.30332,8.19255,13.47522,28.75009
1050,89.44355,8.24743,13.48302,28.80371
1051,89.74939,8.36105,13.48796,28.85199
1052,89.88986,8.42787,13.49796,28.85299
1053,90.01925,8.47773,13.51148,28.86192
1054,90.09316,8.51164,13.5295,28.86591
1055,90.13309,8.53358,13.5421,28.89116
1056,90.22159,8.5749,13.54985,28.89415
1057,90.28389,8.60765,13.55496,28.89515
1058,90.37103,8.64572,13.55737,29.03876
1059,90.42448,8.67399,13.55833,29.10872
1060,90.54145,8.73268,13.56435,29.1176
1061,90.61757,8.77918,13.58553,29.17409
1062,90.62484,8.7827,13.58652,29.17908
1063,90.66877,8.80748,13.60927,29.19139
1064,90.72276,8.84288,13.61687,29.19744
1065,90.73416,8.84797,13.62518,29.20257
1066,90.74365,8.86258,13.64833,29.2085
1067,90.78146,8.88292,13.65817,29.26491
1068,90.89158,8.94121,13.67112,29.35349
1069,90.95969,8.98265,13.6761,29.37266
1070,91.57305,9.29324,13.79986,29.38016
1071,92.28973,9.61287,13.89951,29.48883
1072,92.66041,9.77269,13.97541,29.63719